<?xml version="1.0" encoding="UTF-8"?><rss version="2.0"
	xmlns:content="http://purl.org/rss/1.0/modules/content/"
	xmlns:wfw="http://wellformedweb.org/CommentAPI/"
	xmlns:dc="http://purl.org/dc/elements/1.1/"
	xmlns:atom="http://www.w3.org/2005/Atom"
	xmlns:sy="http://purl.org/rss/1.0/modules/syndication/"
	xmlns:slash="http://purl.org/rss/1.0/modules/slash/"
	>

<channel>
	<title>bánh nướng &#8211; CakeShop</title>
	<atom:link href="https://cakeshop/danh-muc-san-pham/banh-nuong/feed/" rel="self" type="application/rss+xml" />
	<link>https://cakeshop/</link>
	<description>Tiệm Bánh Ngọt</description>
	<lastBuildDate>Sat, 17 Jun 2023 12:13:55 +0000</lastBuildDate>
	<language>vi</language>
	<sy:updatePeriod>
	hourly	</sy:updatePeriod>
	<sy:updateFrequency>
	1	</sy:updateFrequency>
	<generator>https://wordpress.org/?v=6.2.2</generator>

<image>
	<url>https://cakeshop/wp-content/uploads/2021/12/cropped-4522175-scaled-1-32x32.jpg</url>
	<title>bánh nướng &#8211; CakeShop</title>
	<link>https://cakeshop/</link>
	<width>32</width>
	<height>32</height>
</image> 
	<item>
		<title>cooki</title>
		<link>https://cakeshop/san-pham/cooki/</link>
					<comments>https://cakeshop/san-pham/cooki/#respond</comments>
		
		<dc:creator><![CDATA[G.U.C.Ci shop]]></dc:creator>
		<pubDate>Sat, 17 Jun 2023 12:13:41 +0000</pubDate>
				<guid isPermaLink="false">https://cakeshop/?post_type=product#038;p=1551</guid>

					<description><![CDATA[]]></description>
										<content:encoded><![CDATA[]]></content:encoded>
					
					<wfw:commentRss>https://cakeshop/san-pham/cooki/feed/</wfw:commentRss>
			<slash:comments>0</slash:comments>
		
		
			</item>
		<item>
		<title>cam thảo</title>
		<link>https://cakeshop/san-pham/dui-ga-goc-tu/</link>
					<comments>https://cakeshop/san-pham/dui-ga-goc-tu/#respond</comments>
		
		<dc:creator><![CDATA[duy]]></dc:creator>
		<pubDate>Sat, 07 Jan 2023 10:34:03 +0000</pubDate>
				<guid isPermaLink="false">https://theanh.com/food/?post_type=product&#038;p=1087</guid>

					<description><![CDATA[]]></description>
										<content:encoded><![CDATA[]]></content:encoded>
					
					<wfw:commentRss>https://cakeshop/san-pham/dui-ga-goc-tu/feed/</wfw:commentRss>
			<slash:comments>0</slash:comments>
		
		
			</item>
	</channel>
</rss>
