<?xml version="1.0" encoding="UTF-8"?><rss version="2.0"
	xmlns:content="http://purl.org/rss/1.0/modules/content/"
	xmlns:wfw="http://wellformedweb.org/CommentAPI/"
	xmlns:dc="http://purl.org/dc/elements/1.1/"
	xmlns:atom="http://www.w3.org/2005/Atom"
	xmlns:sy="http://purl.org/rss/1.0/modules/syndication/"
	xmlns:slash="http://purl.org/rss/1.0/modules/slash/"
	>

<channel>
	<title>Cửa hàng &#8211; CakeShop</title>
	<atom:link href="https://cakeshop/shop/feed/" rel="self" type="application/rss+xml" />
	<link>https://cakeshop/</link>
	<description>Tiệm Bánh Ngọt</description>
	<lastBuildDate>Sat, 17 Jun 2023 12:13:55 +0000</lastBuildDate>
	<language>vi</language>
	<sy:updatePeriod>
	hourly	</sy:updatePeriod>
	<sy:updateFrequency>
	1	</sy:updateFrequency>
	<generator>https://wordpress.org/?v=6.2.2</generator>

<image>
	<url>https://cakeshop/wp-content/uploads/2021/12/cropped-4522175-scaled-1-32x32.jpg</url>
	<title>Cửa hàng &#8211; CakeShop</title>
	<link>https://cakeshop/</link>
	<width>32</width>
	<height>32</height>
</image> 
	<item>
		<title>cooki</title>
		<link>https://cakeshop/san-pham/cooki/</link>
					<comments>https://cakeshop/san-pham/cooki/#respond</comments>
		
		<dc:creator><![CDATA[G.U.C.Ci shop]]></dc:creator>
		<pubDate>Sat, 17 Jun 2023 12:13:41 +0000</pubDate>
				<guid isPermaLink="false">https://cakeshop/?post_type=product#038;p=1551</guid>

					<description><![CDATA[]]></description>
										<content:encoded><![CDATA[]]></content:encoded>
					
					<wfw:commentRss>https://cakeshop/san-pham/cooki/feed/</wfw:commentRss>
			<slash:comments>0</slash:comments>
		
		
			</item>
		<item>
		<title>AUTO-DRAFT</title>
		<link>https://cakeshop/san-pham/auto-draft/</link>
					<comments>https://cakeshop/san-pham/auto-draft/#respond</comments>
		
		<dc:creator><![CDATA[G.U.C.Ci shop]]></dc:creator>
		<pubDate>Sat, 17 Jun 2023 12:11:01 +0000</pubDate>
				<guid isPermaLink="false">https://cakeshop/?post_type=product#038;p=1550</guid>

					<description><![CDATA[]]></description>
										<content:encoded><![CDATA[
  
    <div class="row large-columns-4 medium-columns-3 small-columns-2 row-small slider row-slider slider-nav-reveal slider-nav-push"  data-flickity-options='{"imagesLoaded": true, "groupCells": "100%", "dragThreshold" : 5, "cellAlign": "left","wrapAround": true,"prevNextButtons": true,"percentPosition": true,"pageDots": false, "rightToLeft": false, "autoPlay" : false}'>

  	
	     <div class="product-small col has-hover product type-product post-1061 status-publish first instock product_cat-chua-phan-loai has-post-thumbnail shipping-taxable purchasable product-type-simple">
	<div class="col-inner">
	
<div class="badge-container absolute left top z-1">

</div>
	<div class="product-small box ">
		<div class="box-image">
			<div class="image-fade_in_back">
				<a href="https://cakeshop/san-pham/ba-chi-bo/" aria-label="cake !">
					<img width="247" height="296" src="https://cakeshop/wp-content/uploads/2023/06/imgworks2-247x296.jpg" class="attachment-woocommerce_thumbnail size-woocommerce_thumbnail" alt="" decoding="async" />				</a>
			</div>
			<div class="image-tools is-small top right show-on-hover">
						<div class="wishlist-icon">
			<button class="wishlist-button button is-outline circle icon" aria-label="Wishlist">
				<i class="icon-heart" ></i>			</button>
			<div class="wishlist-popup dark">
				
<div
	class="yith-wcwl-add-to-wishlist add-to-wishlist-1061  wishlist-fragment on-first-load"
	data-fragment-ref="1061"
	data-fragment-options="{&quot;base_url&quot;:&quot;&quot;,&quot;in_default_wishlist&quot;:false,&quot;is_single&quot;:false,&quot;show_exists&quot;:false,&quot;product_id&quot;:1061,&quot;parent_product_id&quot;:1061,&quot;product_type&quot;:&quot;simple&quot;,&quot;show_view&quot;:false,&quot;browse_wishlist_text&quot;:&quot;Browse wishlist&quot;,&quot;already_in_wishslist_text&quot;:&quot;The product is already in your wishlist!&quot;,&quot;product_added_text&quot;:&quot;Product added!&quot;,&quot;heading_icon&quot;:&quot;fa-heart-o&quot;,&quot;available_multi_wishlist&quot;:false,&quot;disable_wishlist&quot;:false,&quot;show_count&quot;:false,&quot;ajax_loading&quot;:false,&quot;loop_position&quot;:&quot;after_add_to_cart&quot;,&quot;item&quot;:&quot;add_to_wishlist&quot;}"
>
	</div>
			</div>
		</div>
					</div>
			<div class="image-tools is-small hide-for-small bottom left show-on-hover">
							</div>
			<div class="image-tools grid-tools text-center hide-for-small bottom hover-slide-in show-on-hover">
				<a href="https://cakeshop/san-pham/ba-chi-bo/?add-to-cart=1061" data-quantity="1" class="add-to-cart-grid no-padding is-transparent product_type_simple add_to_cart_button ajax_add_to_cart" data-product_id="1061" data-product_sku="" aria-label="Thêm &ldquo;cake !&rdquo; vào giỏ hàng" aria-describedby="" rel="nofollow"><div class="cart-icon tooltip is-small" title="Thêm vào giỏ hàng"><strong>+</strong></div></a>  <a class="quick-view" data-prod="1061" href="#quick-view">Quick View</a>			</div>
					</div>

		<div class="box-text box-text-products">
			<div class="title-wrapper">		<p class="category uppercase is-smaller no-text-overflow product-cat op-7">
			Chưa phân loại		</p>
	<p class="name product-title woocommerce-loop-product__title"><a href="https://cakeshop/san-pham/ba-chi-bo/" class="woocommerce-LoopProduct-link woocommerce-loop-product__link">cake !</a></p></div><div class="price-wrapper">
	<span class="price"><span class="woocommerce-Price-amount amount"><bdi>120 000&nbsp;<span class="woocommerce-Price-currencySymbol">₫</span></bdi></span></span>
</div>		</div>
	</div>
		</div>
</div><div class="product-small col has-hover product type-product post-1092 status-publish instock product_cat-cake-banh-ngot product_cat-chua-phan-loai has-post-thumbnail shipping-taxable purchasable product-type-simple">
	<div class="col-inner">
	
<div class="badge-container absolute left top z-1">

</div>
	<div class="product-small box ">
		<div class="box-image">
			<div class="image-fade_in_back">
				<a href="https://cakeshop/san-pham/uc-ga/" aria-label="pannacottaa trái cây">
					<img width="247" height="296" src="https://cakeshop/wp-content/uploads/2021/12/cropped-4522175-scaled-1-247x296.jpg" class="attachment-woocommerce_thumbnail size-woocommerce_thumbnail" alt="" decoding="async" />				</a>
			</div>
			<div class="image-tools is-small top right show-on-hover">
						<div class="wishlist-icon">
			<button class="wishlist-button button is-outline circle icon" aria-label="Wishlist">
				<i class="icon-heart" ></i>			</button>
			<div class="wishlist-popup dark">
				
<div
	class="yith-wcwl-add-to-wishlist add-to-wishlist-1092  wishlist-fragment on-first-load"
	data-fragment-ref="1092"
	data-fragment-options="{&quot;base_url&quot;:&quot;&quot;,&quot;in_default_wishlist&quot;:false,&quot;is_single&quot;:false,&quot;show_exists&quot;:false,&quot;product_id&quot;:1092,&quot;parent_product_id&quot;:1092,&quot;product_type&quot;:&quot;simple&quot;,&quot;show_view&quot;:false,&quot;browse_wishlist_text&quot;:&quot;Browse wishlist&quot;,&quot;already_in_wishslist_text&quot;:&quot;The product is already in your wishlist!&quot;,&quot;product_added_text&quot;:&quot;Product added!&quot;,&quot;heading_icon&quot;:&quot;fa-heart-o&quot;,&quot;available_multi_wishlist&quot;:false,&quot;disable_wishlist&quot;:false,&quot;show_count&quot;:false,&quot;ajax_loading&quot;:false,&quot;loop_position&quot;:&quot;after_add_to_cart&quot;,&quot;item&quot;:&quot;add_to_wishlist&quot;}"
>
	</div>
			</div>
		</div>
					</div>
			<div class="image-tools is-small hide-for-small bottom left show-on-hover">
							</div>
			<div class="image-tools grid-tools text-center hide-for-small bottom hover-slide-in show-on-hover">
				<a href="https://cakeshop/san-pham/uc-ga/?add-to-cart=1092" data-quantity="1" class="add-to-cart-grid no-padding is-transparent product_type_simple add_to_cart_button ajax_add_to_cart" data-product_id="1092" data-product_sku="" aria-label="Thêm &ldquo;pannacottaa trái cây&rdquo; vào giỏ hàng" aria-describedby="" rel="nofollow"><div class="cart-icon tooltip is-small" title="Thêm vào giỏ hàng"><strong>+</strong></div></a>  <a class="quick-view" data-prod="1092" href="#quick-view">Quick View</a>			</div>
					</div>

		<div class="box-text box-text-products">
			<div class="title-wrapper">		<p class="category uppercase is-smaller no-text-overflow product-cat op-7">
			cake bánh ngọt		</p>
	<p class="name product-title woocommerce-loop-product__title"><a href="https://cakeshop/san-pham/uc-ga/" class="woocommerce-LoopProduct-link woocommerce-loop-product__link">pannacottaa trái cây</a></p></div><div class="price-wrapper">
	<span class="price"><span class="woocommerce-Price-amount amount"><bdi>48 000&nbsp;<span class="woocommerce-Price-currencySymbol">₫</span></bdi></span></span>
</div>		</div>
	</div>
		</div>
</div><div class="product-small col has-hover product type-product post-1095 status-publish instock product_cat-chua-phan-loai product_cat-pannacotta has-post-thumbnail shipping-taxable purchasable product-type-simple">
	<div class="col-inner">
	
<div class="badge-container absolute left top z-1">

</div>
	<div class="product-small box ">
		<div class="box-image">
			<div class="image-fade_in_back">
				<a href="https://cakeshop/san-pham/xuong-uc-ga/" aria-label="pannacotta mini">
					<img width="247" height="296" src="https://cakeshop/wp-content/uploads/2023/06/imgworks3-247x296.jpg" class="attachment-woocommerce_thumbnail size-woocommerce_thumbnail" alt="" decoding="async" />				</a>
			</div>
			<div class="image-tools is-small top right show-on-hover">
						<div class="wishlist-icon">
			<button class="wishlist-button button is-outline circle icon" aria-label="Wishlist">
				<i class="icon-heart" ></i>			</button>
			<div class="wishlist-popup dark">
				
<div
	class="yith-wcwl-add-to-wishlist add-to-wishlist-1095  wishlist-fragment on-first-load"
	data-fragment-ref="1095"
	data-fragment-options="{&quot;base_url&quot;:&quot;&quot;,&quot;in_default_wishlist&quot;:false,&quot;is_single&quot;:false,&quot;show_exists&quot;:false,&quot;product_id&quot;:1095,&quot;parent_product_id&quot;:1095,&quot;product_type&quot;:&quot;simple&quot;,&quot;show_view&quot;:false,&quot;browse_wishlist_text&quot;:&quot;Browse wishlist&quot;,&quot;already_in_wishslist_text&quot;:&quot;The product is already in your wishlist!&quot;,&quot;product_added_text&quot;:&quot;Product added!&quot;,&quot;heading_icon&quot;:&quot;fa-heart-o&quot;,&quot;available_multi_wishlist&quot;:false,&quot;disable_wishlist&quot;:false,&quot;show_count&quot;:false,&quot;ajax_loading&quot;:false,&quot;loop_position&quot;:&quot;after_add_to_cart&quot;,&quot;item&quot;:&quot;add_to_wishlist&quot;}"
>
	</div>
			</div>
		</div>
					</div>
			<div class="image-tools is-small hide-for-small bottom left show-on-hover">
							</div>
			<div class="image-tools grid-tools text-center hide-for-small bottom hover-slide-in show-on-hover">
				<a href="https://cakeshop/san-pham/xuong-uc-ga/?add-to-cart=1095" data-quantity="1" class="add-to-cart-grid no-padding is-transparent product_type_simple add_to_cart_button ajax_add_to_cart" data-product_id="1095" data-product_sku="" aria-label="Thêm &ldquo;pannacotta mini&rdquo; vào giỏ hàng" aria-describedby="" rel="nofollow"><div class="cart-icon tooltip is-small" title="Thêm vào giỏ hàng"><strong>+</strong></div></a>  <a class="quick-view" data-prod="1095" href="#quick-view">Quick View</a>			</div>
					</div>

		<div class="box-text box-text-products">
			<div class="title-wrapper">		<p class="category uppercase is-smaller no-text-overflow product-cat op-7">
			Chưa phân loại		</p>
	<p class="name product-title woocommerce-loop-product__title"><a href="https://cakeshop/san-pham/xuong-uc-ga/" class="woocommerce-LoopProduct-link woocommerce-loop-product__link">pannacotta mini</a></p></div><div class="price-wrapper">
	<span class="price"><span class="woocommerce-Price-amount amount"><bdi>20 000&nbsp;<span class="woocommerce-Price-currencySymbol">₫</span></bdi></span></span>
</div>		</div>
	</div>
		</div>
</div><div class="product-small col has-hover product type-product post-1093 status-publish last instock product_cat-cake-banh-ngot product_cat-chua-phan-loai has-post-thumbnail shipping-taxable purchasable product-type-simple">
	<div class="col-inner">
	
<div class="badge-container absolute left top z-1">

</div>
	<div class="product-small box ">
		<div class="box-image">
			<div class="image-fade_in_back">
				<a href="https://cakeshop/san-pham/uc-vit/" aria-label="cake bánh ngọt">
					<img width="247" height="296" src="https://cakeshop/wp-content/uploads/2023/06/panna-cotta-768x626-1-247x296.webp" class="attachment-woocommerce_thumbnail size-woocommerce_thumbnail" alt="" decoding="async" />				</a>
			</div>
			<div class="image-tools is-small top right show-on-hover">
						<div class="wishlist-icon">
			<button class="wishlist-button button is-outline circle icon" aria-label="Wishlist">
				<i class="icon-heart" ></i>			</button>
			<div class="wishlist-popup dark">
				
<div
	class="yith-wcwl-add-to-wishlist add-to-wishlist-1093  wishlist-fragment on-first-load"
	data-fragment-ref="1093"
	data-fragment-options="{&quot;base_url&quot;:&quot;&quot;,&quot;in_default_wishlist&quot;:false,&quot;is_single&quot;:false,&quot;show_exists&quot;:false,&quot;product_id&quot;:1093,&quot;parent_product_id&quot;:1093,&quot;product_type&quot;:&quot;simple&quot;,&quot;show_view&quot;:false,&quot;browse_wishlist_text&quot;:&quot;Browse wishlist&quot;,&quot;already_in_wishslist_text&quot;:&quot;The product is already in your wishlist!&quot;,&quot;product_added_text&quot;:&quot;Product added!&quot;,&quot;heading_icon&quot;:&quot;fa-heart-o&quot;,&quot;available_multi_wishlist&quot;:false,&quot;disable_wishlist&quot;:false,&quot;show_count&quot;:false,&quot;ajax_loading&quot;:false,&quot;loop_position&quot;:&quot;after_add_to_cart&quot;,&quot;item&quot;:&quot;add_to_wishlist&quot;}"
>
	</div>
			</div>
		</div>
					</div>
			<div class="image-tools is-small hide-for-small bottom left show-on-hover">
							</div>
			<div class="image-tools grid-tools text-center hide-for-small bottom hover-slide-in show-on-hover">
				<a href="https://cakeshop/san-pham/uc-vit/?add-to-cart=1093" data-quantity="1" class="add-to-cart-grid no-padding is-transparent product_type_simple add_to_cart_button ajax_add_to_cart" data-product_id="1093" data-product_sku="" aria-label="Thêm &ldquo;cake bánh ngọt&rdquo; vào giỏ hàng" aria-describedby="" rel="nofollow"><div class="cart-icon tooltip is-small" title="Thêm vào giỏ hàng"><strong>+</strong></div></a>  <a class="quick-view" data-prod="1093" href="#quick-view">Quick View</a>			</div>
					</div>

		<div class="box-text box-text-products">
			<div class="title-wrapper">		<p class="category uppercase is-smaller no-text-overflow product-cat op-7">
			cake bánh ngọt		</p>
	<p class="name product-title woocommerce-loop-product__title"><a href="https://cakeshop/san-pham/uc-vit/" class="woocommerce-LoopProduct-link woocommerce-loop-product__link">cake bánh ngọt</a></p></div><div class="price-wrapper">
	<span class="price"><span class="woocommerce-Price-amount amount"><bdi>50 000&nbsp;<span class="woocommerce-Price-currencySymbol">₫</span></bdi></span></span>
</div>		</div>
	</div>
		</div>
</div></div>
]]></content:encoded>
					
					<wfw:commentRss>https://cakeshop/san-pham/auto-draft/feed/</wfw:commentRss>
			<slash:comments>0</slash:comments>
		
		
			</item>
		<item>
		<title>pannacotta mini</title>
		<link>https://cakeshop/san-pham/xuong-uc-ga/</link>
					<comments>https://cakeshop/san-pham/xuong-uc-ga/#respond</comments>
		
		<dc:creator><![CDATA[duy]]></dc:creator>
		<pubDate>Tue, 07 Feb 2023 10:39:17 +0000</pubDate>
				<guid isPermaLink="false">https://theanh.com/food/?post_type=product&#038;p=1095</guid>

					<description><![CDATA[Not surprisingly, Meatless Monday is trendy on social media right now! This fad is especially popular in light of rising food costs and environmental awareness. With Meatless Mondays, people have fun cooking meals with vegetarian protein alternatives like tofu, lentils, and chickpeas instead of traditional meat options. Also, many enjoy including fish or eggs in their Meatless Monday to add [...]]]></description>
										<content:encoded><![CDATA[<p>Not surprisingly, Meatless Monday is trendy on social media right now! This fad is especially popular in light of rising food costs and environmental awareness. With <a href="https://www.meatlessmonday.com/" target="_blank" rel="noreferrer noopener" aria-label="Meatless Mondays (opens in a new tab)">Meatless Mondays</a>, people have fun cooking meals with vegetarian protein alternatives like <a href="https://dieteticdirections.com/interested-in-cooking-with-tofuvegetarian-cooking/" target="_blank" rel="noreferrer noopener" aria-label="tofu (opens in a new tab)">tofu</a>, <a href="https://dieteticdirections.com/lets-eat-lentils/" target="_blank" rel="noreferrer noopener" aria-label="lentils  (opens in a new tab)">lentils</a>, and chickpeas instead of traditional meat options. Also, many enjoy including fish or <a href="https://dieteticdirections.com/eggs-should-we-skip-the-yolk/" target="_blank" rel="noreferrer noopener" aria-label="eggs (opens in a new tab)">eggs</a> in their Meatless Monday to add more <a href="https://dieteticdirections.com/power-protein/" target="_blank" rel="noreferrer noopener" aria-label="protein (opens in a new tab)">protein</a> options. Play around with what protein options work for you to find your favourite combinations! Here are some ideas…</p>
]]></content:encoded>
					
					<wfw:commentRss>https://cakeshop/san-pham/xuong-uc-ga/feed/</wfw:commentRss>
			<slash:comments>0</slash:comments>
		
		
			</item>
		<item>
		<title>pannacotta pink</title>
		<link>https://cakeshop/san-pham/vit-nguyen-con/</link>
					<comments>https://cakeshop/san-pham/vit-nguyen-con/#respond</comments>
		
		<dc:creator><![CDATA[duy]]></dc:creator>
		<pubDate>Tue, 07 Feb 2023 10:38:48 +0000</pubDate>
				<guid isPermaLink="false">https://theanh.com/food/?post_type=product&#038;p=1094</guid>

					<description><![CDATA[]]></description>
										<content:encoded><![CDATA[]]></content:encoded>
					
					<wfw:commentRss>https://cakeshop/san-pham/vit-nguyen-con/feed/</wfw:commentRss>
			<slash:comments>0</slash:comments>
		
		
			</item>
		<item>
		<title>pannacottaa trái cây</title>
		<link>https://cakeshop/san-pham/uc-ga/</link>
					<comments>https://cakeshop/san-pham/uc-ga/#respond</comments>
		
		<dc:creator><![CDATA[duy]]></dc:creator>
		<pubDate>Tue, 07 Feb 2023 10:37:18 +0000</pubDate>
				<guid isPermaLink="false">https://theanh.com/food/?post_type=product&#038;p=1092</guid>

					<description><![CDATA[]]></description>
										<content:encoded><![CDATA[]]></content:encoded>
					
					<wfw:commentRss>https://cakeshop/san-pham/uc-ga/feed/</wfw:commentRss>
			<slash:comments>0</slash:comments>
		
		
			</item>
		<item>
		<title>cake bánh ngọt dâu</title>
		<link>https://cakeshop/san-pham/ma-dui-ga/</link>
					<comments>https://cakeshop/san-pham/ma-dui-ga/#respond</comments>
		
		<dc:creator><![CDATA[duy]]></dc:creator>
		<pubDate>Tue, 07 Feb 2023 10:35:47 +0000</pubDate>
				<guid isPermaLink="false">https://theanh.com/food/?post_type=product&#038;p=1089</guid>

					<description><![CDATA[]]></description>
										<content:encoded><![CDATA[]]></content:encoded>
					
					<wfw:commentRss>https://cakeshop/san-pham/ma-dui-ga/feed/</wfw:commentRss>
			<slash:comments>0</slash:comments>
		
		
			</item>
		<item>
		<title>cake bánh ngọt</title>
		<link>https://cakeshop/san-pham/uc-vit/</link>
					<comments>https://cakeshop/san-pham/uc-vit/#respond</comments>
		
		<dc:creator><![CDATA[duy]]></dc:creator>
		<pubDate>Sat, 07 Jan 2023 10:38:21 +0000</pubDate>
				<guid isPermaLink="false">https://theanh.com/food/?post_type=product&#038;p=1093</guid>

					<description><![CDATA[]]></description>
										<content:encoded><![CDATA[]]></content:encoded>
					
					<wfw:commentRss>https://cakeshop/san-pham/uc-vit/feed/</wfw:commentRss>
			<slash:comments>0</slash:comments>
		
		
			</item>
		<item>
		<title>cam thảo</title>
		<link>https://cakeshop/san-pham/dui-ga-goc-tu/</link>
					<comments>https://cakeshop/san-pham/dui-ga-goc-tu/#respond</comments>
		
		<dc:creator><![CDATA[duy]]></dc:creator>
		<pubDate>Sat, 07 Jan 2023 10:34:03 +0000</pubDate>
				<guid isPermaLink="false">https://theanh.com/food/?post_type=product&#038;p=1087</guid>

					<description><![CDATA[]]></description>
										<content:encoded><![CDATA[]]></content:encoded>
					
					<wfw:commentRss>https://cakeshop/san-pham/dui-ga-goc-tu/feed/</wfw:commentRss>
			<slash:comments>0</slash:comments>
		
		
			</item>
		<item>
		<title>cake !</title>
		<link>https://cakeshop/san-pham/ba-chi-bo/</link>
					<comments>https://cakeshop/san-pham/ba-chi-bo/#respond</comments>
		
		<dc:creator><![CDATA[duy]]></dc:creator>
		<pubDate>Sat, 07 Jan 2023 10:15:01 +0000</pubDate>
				<guid isPermaLink="false">https://theanh.com/food/?post_type=product&#038;p=1061</guid>

					<description><![CDATA[]]></description>
										<content:encoded><![CDATA[]]></content:encoded>
					
					<wfw:commentRss>https://cakeshop/san-pham/ba-chi-bo/feed/</wfw:commentRss>
			<slash:comments>0</slash:comments>
		
		
			</item>
	</channel>
</rss>
