<?xml version="1.0" encoding="UTF-8"?><rss version="2.0"
	xmlns:content="http://purl.org/rss/1.0/modules/content/"
	xmlns:dc="http://purl.org/dc/elements/1.1/"
	xmlns:atom="http://www.w3.org/2005/Atom"
	xmlns:sy="http://purl.org/rss/1.0/modules/syndication/"
	
	>
<channel>
	<title>
	Các phản hồi luận về: cake bánh ngọt dâu	</title>
	<atom:link href="https://cakeshop/san-pham/ma-dui-ga/feed/" rel="self" type="application/rss+xml" />
	<link>https://cakeshop/san-pham/ma-dui-ga/</link>
	<description>Tiệm Bánh Ngọt</description>
	<lastBuildDate>Sat, 17 Jun 2023 10:13:36 +0000</lastBuildDate>
	<sy:updatePeriod>
	hourly	</sy:updatePeriod>
	<sy:updateFrequency>
	1	</sy:updateFrequency>
	<generator>https://wordpress.org/?v=6.2.2</generator>
</channel>
</rss>
